review,sentiment,label,source
Bought two of these and both broke within a week. Save your money and buy something else.,negative,0,Amazon
Outstanding quality for the price. I bought this as a gift and the recipient was thrilled.,positive,1,Amazon
"Very sturdy, looks great and does exactly what I need it to. No complaints whatsoever.",positive,1,Amazon
"Nothing redeemable about this film. Poor story, poor acting, poor direction across the board.",negative,0,IMDB
Laughably bad in all the wrong ways. The plot twists were predictable and the ending infuriating.,negative,0,IMDB
"Flat, lifeless and completely forgettable. I struggle to recall a single memorable moment.",negative,0,IMDB
"This film has everything: suspense, romance, comedy and real heart. I was completely hooked.",positive,1,IMDB
Stopped working after one month. For the price I paid I expected far better quality than this.,negative,0,Amazon
Spectacular visuals combined with a genuinely emotional narrative make this an unforgettable watch.,positive,1,IMDB
This film was absolutely breathtaking. The performances were phenomenal and the story kept me on the edge of my seat throughout.,positive,1,IMDB
I have watched this movie three times and it gets better each viewing. Truly a classic in the making.,positive,1,IMDB
A complete waste of a talented cast. The script was lazy and the direction utterly uninspired.,negative,0,IMDB
"Really happy with this. Fits perfectly, feels premium and has worked without issues for months.",positive,1,Amazon
Absolutely dreadful. The special effects looked cheap and the story was a complete incoherent mess.,negative,0,IMDB
Absolute rubbish. I cannot believe this is still being sold. The materials feel like they cost pennies.,negative,0,Amazon
Brilliant storytelling from start to finish. The cinematography was gorgeous and the soundtrack haunting.,positive,1,IMDB
Absolutely terrible quality. Nothing like the photos. I am requesting a refund immediately.,negative,0,Amazon
Disappointed does not even begin to cover it. The product arrived damaged and unusable.,negative,0,Amazon
"This movie restored my faith in Hollywood. It had heart, humor and genuine emotional depth.",positive,1,IMDB
Painfully boring with characters I could not care less about. I almost walked out after thirty minutes.,negative,0,IMDB
Incredibly well-made and thoughtfully designed. Everything about this product is excellent.,positive,1,Amazon
Cheap and nasty. Looks nothing like the listing images and is virtually unusable. Disgraceful.,negative,0,Amazon
Terrible in every conceivable way. The dialogue was cringe-worthy and the pacing was glacial.,negative,0,IMDB
"The worst kind of blockbuster — loud, dumb and utterly devoid of any emotional substance.",negative,0,IMDB
Quality is top notch. You can tell a lot of thought went into the design and functionality.,positive,1,Amazon
Absolutely loved this film. The chemistry between the leads was electric and the plot was gripping.,positive,1,IMDB
This movie had so much potential and delivered absolutely none of it. A real shame.,negative,0,IMDB
Not fit for purpose. Gave it to the bin after two days. An utter waste of time and money.,negative,0,Amazon
A truly moving experience that stayed with me long after the credits rolled.,positive,1,IMDB
The product description was accurate and the quality is genuinely impressive. Five stars.,positive,1,Amazon
The performances here are some of the best I have seen in years. Truly compelling from beginning to end.,positive,1,IMDB
The characters were unlikable and the story was a confused tangle of half-developed ideas.,negative,0,IMDB
Falls apart the moment you look at it. This product is genuinely dangerous to use and I want a refund.,negative,0,Amazon
"Avoid this movie at all costs. It is a poorly written, badly directed mess from beginning to end.",negative,0,IMDB
Does not work and the seller is ignoring my messages. This is a fraudulent listing.,negative,0,Amazon
An absolute gem. The director managed to balance humor and heartbreak in a way I have never seen before.,positive,1,IMDB
I researched this for weeks before buying and I am so glad I went with this one. Perfect.,positive,1,Amazon
"Quick delivery, great packaging and the product itself is brilliant. Definitely buying again.",positive,1,Amazon
Poorly executed on every level. The lead performance was unconvincing and the plot full of holes.,negative,0,IMDB
Rarely does a film manage to be simultaneously funny and deeply moving. This one nails it perfectly.,positive,1,IMDB
"A genuinely joyless experience. No fun, no heart, no reason to watch this at all.",negative,0,IMDB
I went in excited and came out deeply disappointed. This movie had no idea what it wanted to be.,negative,0,IMDB
I went in with low expectations and left completely stunned. This is what cinema is all about.,positive,1,IMDB
I wish I had read more closely. The product is cheap garbage dressed up in nice photos.,negative,0,Amazon
I cannot believe how badly this film turned out. Disappointing performances and a nonsensical story.,negative,0,IMDB
This is the kind of film that reminds you why you fell in love with movies. Exceptional in every way.,positive,1,IMDB
"Arrived late, poorly packaged and the item itself was defective. One star is too generous.",negative,0,Amazon
I wasted two hours of my life on this disaster. The plot made no sense and the acting was wooden.,negative,0,IMDB
Exactly what I needed and more. The quality far exceeded what I expected at this price point.,positive,1,Amazon
"Riveting, thought-provoking and beautifully acted. A film I will be recommending to everyone I know.",positive,1,IMDB
The kind of film that feels both timely and timeless. A truly outstanding piece of work.,positive,1,IMDB
One of the best films I have ever seen. A perfect blend of drama and action with outstanding character development.,positive,1,IMDB
"The writing in this film is sharp, witty and surprisingly profound. A genuine treat from start to finish.",positive,1,IMDB
A frustrating film that squanders every opportunity it is given. A genuine disappointment.,negative,0,IMDB
Every moment felt intentional and real. The screenplay was tight and the pacing was perfect.,positive,1,IMDB
This is the worst product I have ever purchased online. Cheap materials and falls apart quickly.,negative,0,Amazon
Completely blown away by this film. The lead actor delivered a career-defining performance.,positive,1,IMDB
Genuinely impressed with the quality. Feels very premium and works flawlessly every time.,positive,1,Amazon
One of the most tedious viewing experiences I can remember. Nothing happens for far too long.,negative,0,IMDB
Sent back the moment I opened it. The quality was so far below what was advertised it was insulting.,negative,0,Amazon
Great value for money. Does exactly what it says and arrived ahead of schedule. Very happy.,positive,1,Amazon
This product is a complete joke. I would give zero stars if I could. Absolutely dreadful.,negative,0,Amazon
Five stars without hesitation. This product has made my daily routine so much easier.,positive,1,Amazon
I cannot understand the positive reviews. This film is a chore to sit through from start to finish.,negative,0,IMDB
"Absolutely love this product! It arrived quickly, was well packaged and works exactly as described.",positive,1,Amazon
Works exactly as advertised. Simple to set up and the performance has been flawless so far.,positive,1,Amazon
"A meandering, self-indulgent disaster that mistakes boredom for depth. Avoid completely.",negative,0,IMDB
Amazing product at an incredible price. I have recommended this to five friends already.,positive,1,Amazon
"Perfect in every way. Easy to use, well designed and the customer service was also great.",positive,1,Amazon
"Poorly made, incorrectly sized and arrived smelling awful. The worst online purchase I have made.",negative,0,Amazon
Do not be fooled by the photos. The actual product is a flimsy cheap imitation of what is shown.,negative,0,Amazon
Painfully slow and ultimately pointless. I kept waiting for it to get better and it never did.,negative,0,IMDB
"Solid construction, easy setup and works like a charm. Could not be happier with this purchase.",positive,1,Amazon
Visually dull and narratively bankrupt. This film offers nothing new and does nothing well.,negative,0,IMDB
Shocking quality and no customer support. I am filing a complaint and seeking a full refund.,negative,0,Amazon
I have bought several of these for family members. Everyone loves them. Highly recommended.,positive,1,Amazon
Complete waste of money. Broke after two weeks and customer service refused to help. Avoid.,negative,0,Amazon
This film tries so hard to be clever but ends up being insufferably pretentious and dull.,negative,0,IMDB
"Terrible in every way. Broken on arrival, wrong colour and nothing like the size stated. Useless.",negative,0,Amazon
The reviews were right — this product is genuinely excellent. Worth every single penny.,positive,1,Amazon
This has been a game changer for me. I use it every day and it has never let me down once.,positive,1,Amazon
"The worst purchase I have made in years. Poor quality, misleading photos and terrible service.",negative,0,Amazon
The script felt like it was written over a weekend. Lazy dialogue and zero character development.,negative,0,IMDB
"The worst film I have seen this year. Nothing about it worked — not the plot, the acting or the ending.",negative,0,IMDB
A masterpiece of modern cinema. Every scene was crafted with care and the ending left me speechless.,positive,1,IMDB
Best purchase I have made this year. Works perfectly straight out of the box and feels very premium.,positive,1,Amazon
Stunning performances all around and a script that crackles with intelligence and emotion.,positive,1,IMDB
I rarely give five stars but this movie earned every single one. The acting was superb and the direction flawless.,positive,1,IMDB
Beautifully shot and wonderfully acted. One of the most satisfying cinematic experiences I have had.,positive,1,IMDB
Does not function as described at all. Within days it had stopped working entirely. Very angry.,negative,0,Amazon
A total scam product. The description is wildly inaccurate and the build quality is shockingly bad.,negative,0,Amazon
Brilliant product. Genuinely could not ask for anything more at this price. Highly recommend.,positive,1,Amazon
I bought this based on the reviews and feel completely misled. The quality is shockingly poor.,negative,0,Amazon
I have never felt so cheated. The product is nothing like described and customer support is useless.,negative,0,Amazon
A remarkable achievement in storytelling. The film tackles complex themes with grace and intelligence.,positive,1,IMDB
I was a little skeptical at first but this product completely won me over. Superb quality.,positive,1,Amazon
Bought this on a whim and it turned out to be one of my best impulse purchases ever.,positive,1,Amazon
An extraordinary piece of filmmaking. The attention to detail and dedication to the craft is evident in every frame.,positive,1,IMDB
I have bought a lot of products online but this is by far the most disappointing. Avoid at all costs.,negative,0,Amazon
Exceeded all my expectations. The build quality is superb and it does everything the listing promised.,positive,1,Amazon
